1,Parsifal,Lefeaver,20/11/1980,plefeaver0@scribd.com
2,Ryley,Overshott,21/11/1980,rovershott1@washington.edu
3,Micheline,Rickford,22/02/1980,mrickford2@delicious.com
4,Massimo,Gove,23/11/1980,mgove3@t.co
5,Yance,Blasoni,24/11/1980,yblasoni4@paypal.com
6,Britte,MacCollom,25/01/1980,bmaccollom5@google.cn
7,Amalita,Fransemai,26/11/1950,afransemai6@msn.com
8,Daniel,Height,27/11/1990,dheight7@cafepress.com
9,Nickolaus,Poore,28/11/1980,npoore8@1688.com
10,Brittni,Fehners,29/11/1980,bfehners9@newyorker.com
11,Sullivan,Tipens,30/11/1980,stipensa@google.com.au
12,Julie,Bachelar,01/12/1980,jbachelarb@cisco.com
13,Ninetta,Jeannin,02/12/1980,njeanninc@dell.com
14,Blakelee,Dabney,03/12/1980,bdabneyd@foxnews.com
15,Ansell,Tomblett,04/12/1980,atomblette@state.tx.us
16,Elianore,Unwin,05/12/1980,eunwinf@cisco.com
17,Pate,Chick,06/12/1980,pchickg@hud.gov
18,Hunter,Dooland,07/12/1980,hdoolandh@indiatimes.com
19,Kristos,Letford,08/12/1980,kletfordi@github.com
20,Moira,Sindall,09/12/1980,msindallj@ebay.com
21,Alexei,Rome,10/12/1980,aromek@china.com.cn
22,Sibel,Dreschler,11/12/1980,sdreschlerl@opensource.org
23,Thorny,Thrussell,12/12/1980,tthrussellm@wsj.com
24,Dasie,Withrop,13/12/1980,dwithropn@chicagotribune.com
25,Vasily,Kenneford,14/12/1980,vkennefordo@is.gd
26,Harrietta,Leneham,15/12/1980,hlenehamp@discovery.com
27,Orland,Tiffney,16/12/1980,otiffneyq@nbcnews.com
28,Joellyn,Cogdon,17/12/1980,jcogdonr@mashable.com
29,Maddie,Chandler,18/12/1980,mchandlers@spiegel.de
30,Jack,Rawcliff,19/12/1980,jrawclifft@de.vu
31,Francisco,Krop,20/12/1980,fkropu@nationalgeographic.com
32,Burgess,Hankard,21/12/1980,bhankardv@unesco.org
33,Kynthia,Tierny,22/12/1980,ktiernyw@privacy.gov.au
34,Allis,Kira,23/12/1980,akirax@phoca.cz
35,Mara,Berecloth,24/12/1980,mbereclothy@bbc.co.uk
36,Kenneth,Ribbens,25/12/1980,kribbensz@oaic.gov.au
37,Neila,Morling,26/12/1980,nmorling10@msn.com
38,Gale,Hurlestone,27/12/1980,ghurlestone11@forbes.com
39,Rutter,Royste,28/12/1980,rroyste12@360.cn
40,Antonella,Bragginton,29/12/1980,abragginton13@alexa.com
41,Victoir,Whitebrook,30/12/1980,vwhitebrook14@europa.eu
42,Suzanne,Lux,31/12/1980,slux15@psu.edu
43,Deirdre,Fenelow,01/01/1981,dfenelow16@photobucket.com
44,Bethanne,Ridge,02/01/1981,bridge17@instagram.com
45,Sharron,Schustl,03/01/1981,sschustl18@wikipedia.org
46,Bobinette,Marion,04/01/1981,bmarion19@apple.com
47,Witty,Sherland,05/01/1981,wsherland1a@elpais.com
48,Sayer,Gatheridge,06/01/1981,sgatheridge1b@shareasale.com
49,Curry,Le Breton,07/01/1981,clebreton1c@ucla.edu
50,Symon,Aspray,08/01/1981,saspray1d@google.es
51,Lona,Paolozzi,09/01/1981,lpaolozzi1e@jiathis.com
52,Wallache,Kimbling,10/01/1981,wkimbling1f@yahoo.co.jp
53,Megen,Benoi,11/01/1981,mbenoi1g@slashdot.org
54,Mariellen,Grealey,12/01/1981,mgrealey1h@posterous.com
55,Fred,McCome,13/01/1981,fmccome1i@diigo.com
56,Davon,Johnikin,14/01/1981,djohnikin1j@latimes.com
57,Herman,Bratt,15/01/1981,hbratt1k@time.com
58,Shanon,Figgess,16/01/1981,sfiggess1l@mlb.com
59,Marianne,Symones,17/01/1981,msymones1m@foxnews.com
60,Paulie,Ashbridge,18/01/1981,pashbridge1n@hibu.com
61,Dominica,Barensky,19/01/1981,dbarensky1o@webs.com
62,Warden,Kleinhaus,20/01/1981,wkleinhaus1p@technorati.com
63,Ev,Wieprecht,21/01/1981,ewieprecht1q@deviantart.com
64,Clemmie,Phillis,22/01/1981,cphillis1r@toplist.cz
65,Bernice,Thorndale,23/01/1981,bthorndale1s@opera.com
66,Andriana,Delamaine,24/01/1981,adelamaine1t@exblog.jp
67,Bartolemo,Penhalewick,25/01/1981,bpenhalewick1u@webeden.co.uk
68,Nikola,Gartsyde,26/01/1981,ngartsyde1v@free.fr
69,Derick,Bockmaster,27/01/1981,dbockmaster1w@mail.ru
70,Colby,Reddihough,28/01/1981,creddihough1x@pbs.org
71,Phylis,Biford,29/01/1981,pbiford1y@chronoengine.com
72,Averyl,Shory,30/01/1981,ashory1z@sakura.ne.jp
73,Dorelle,Wooding,31/01/1981,dwooding20@netlog.com
74,Phillip,Bleas,01/02/1981,pbleas21@hud.gov
75,Marie-jeanne,Tejada,02/02/1981,mtejada22@gravatar.com
76,Cointon,d' Eye,03/02/1981,cdeye23@mtv.com
77,Rutledge,Van de Vlies,04/02/1981,rvandevlies24@desdev.cn
78,Susette,Titterington,05/02/1981,stitterington25@godaddy.com
79,Aveline,Plum,06/02/1981,aplum26@comsenz.com
80,Bev,Beccera,07/02/1981,bbeccera27@psu.edu
81,Frasco,Heinig,08/02/1981,fheinig28@twitpic.com
82,Isabeau,Eltone,09/02/1981,ieltone29@weibo.com
83,Rasla,Ramelot,10/02/1981,rramelot2a@latimes.com
84,Chaunce,Koppel,11/02/1981,ckoppel2b@seesaa.net
85,Karla,Mawson,12/02/1981,kmawson2c@google.ru
86,Gene,Passman,13/02/1981,gpassman2d@wsj.com
87,Bonni,Marking,14/02/1981,bmarking2e@soundcloud.com
88,Jocelyn,Surmeyer,15/02/1981,jsurmeyer2f@comsenz.com
89,Dolores,Giacoboni,16/02/1981,dgiacoboni2g@noaa.gov
90,Earle,Filkin,17/02/1981,efilkin2h@bloglovin.com
91,Hildegaard,Saffle,18/02/1981,hsaffle2i@usgs.gov
92,Clara,Lowings,19/02/1981,clowings2j@icq.com
93,Janis,Ridulfo,20/02/1981,jridulfo2k@live.com
94,Billie,Lightollers,21/02/1981,blightollers2l@amazon.co.jp
95,Lyn,Planque,22/02/1981,lplanque2m@rambler.ru
96,Rorie,De Filippis,23/02/1981,rdefilippis2n@joomla.org
97,Sheilah,Levi,24/02/1981,slevi2o@csmonitor.com
98,Marja,Tremmel,25/02/1981,mtremmel2p@netlog.com
99,Penny,Lory,26/02/1981,plory2q@stanford.edu
100,Jami,Clowser,27/02/1981,jclowser2r@wix.com
,,,28/02/1981,
